Gene,logFC
LOC149684///BPI,4.43660001
ANK1,4.28522675
CLIC2,6.30598141
HPR///HP,3.7829172
LOC101060181///ZNF44,3.37818512
ORC3,-2.83350171
SSBP2,-2.58237926
CA2,3.79162867
LOC102723479,2.81750968
YME1L1,-3.12992779
G0S2,2.69407332
ATP11A,-3.09387446
FRRS1L,3.00794947
ARG1,2.75565096
CLEC1B,2.09290343
VNN1,3.37449643
TPM1,3.37606199
GYPE,2.6521294
MMP9,3.74927199
MMP8,3.94359709
